id,family,source,locator,source_class,constraint_type,level,constraint,response,architecture_elements,verification_criterion,status,diagnostic_note,source_unit_id,atomization_rule,sibling_constraint_ids
C01.01,C01,QĐ 3090/QĐ-BKHCN,Điều 1,A,ARCH_REF,L1,Khung kiến trúc tổng thể quốc gia số là hệ quy chiếu tổng thể cho kiến trúc số.,Đặt kiến trúc miền dưới hệ quy chiếu quốc gia và ghi rõ quan hệ với các khung cấp dưới.,AE01,Hình định vị chỉ ra khung quốc gia và không tuyên bố kiến trúc miền thay thế khung quốc gia.,ĐÁP ỨNG,,SU001,R1,
C01.02,C01,QĐ 292/QĐ-BKHCN,"Phụ lục, Chương 2, Mục II",A,ARCH_REF,L1,Mô hình tham chiếu nghiệp vụ phải được xem xét khi mô tả miền nghiệp vụ.,Kế thừa nghiệp vụ làm hệ quy chiếu khi xây dựng view tương ứng.,AE01,Có viewpoint/model tương ứng và truy vết tới quyết định kiến trúc.,ĐÁP ỨNG,,SU002,R2,C01.03;C01.04;C01.05;C01.06
C01.03,C01,QĐ 292/QĐ-BKHCN,"Phụ lục, Chương 2, Mục II",A,ARCH_REF,L1,Mô hình tham chiếu dữ liệu phải được xem xét khi mô tả dữ liệu.,Kế thừa dữ liệu làm hệ quy chiếu khi xây dựng view tương ứng.,AE01,Có viewpoint/model tương ứng và truy vết tới quyết định kiến trúc.,ĐÁP ỨNG,,SU002,R2,C01.02;C01.04;C01.05;C01.06
C01.04,C01,QĐ 292/QĐ-BKHCN,"Phụ lục, Chương 2, Mục II",A,ARCH_REF,L1,Mô hình tham chiếu ứng dụng phải được xem xét khi mô tả thành phần ứng dụng.,Kế thừa ứng dụng làm hệ quy chiếu khi xây dựng view tương ứng.,AE01,Có viewpoint/model tương ứng và truy vết tới quyết định kiến trúc.,ĐÁP ỨNG,,SU002,R2,C01.02;C01.03;C01.05;C01.06
C01.05,C01,QĐ 292/QĐ-BKHCN,"Phụ lục, Chương 2, Mục II",A,ARCH_REF,L1,Mô hình tham chiếu công nghệ phải được xem xét khi mô tả hiện thực hóa công nghệ.,"V5/AE22 được hiện thực bằng sơ đồ C4 Deployment: deployment node tỉnh/trung ương, container instances và infrastructure node; topology sản phẩm/HA vẫn là VP7.",AE01;AE22,Hình V5 tách static container khỏi deployment instance và chỉ khóa biên lỗi/phụ thuộc công nghệ ở mức SRA.,ĐÁP ỨNG,WP7.3 completed V5 body artefact; implementation technology remains variable.,SU002,R2,C01.02;C01.03;C01.04;C01.06
C01.06,C01,QĐ 292/QĐ-BKHCN,"Phụ lục, Chương 2, Mục II",A,ARCH_REF,L1,"Mô hình tham chiếu an toàn thông tin mạng, an ninh mạng phải được xem xét.","V6/AE23 được hiện thực bằng ma trận trust zone: phạm vi quyền, dữ liệu, kiểm soát, audit owner và biên external source.",AE01;AE14;AE23,"V6 body artefact covers trust boundary, authorization scope, classification/provenance, interop audit and central/provincial privilege separation.",ĐÁP ỨNG,WP7.3 completed V6 body artefact; operational assurance remains for implementation.,SU002,R2,C01.02;C01.03;C01.04;C01.05
C02.01,C02,QĐ 2439/QĐ-TTg,"Điều 1; Khung ban hành kèm theo, Chương I, Mục I.1",A,DATA_GOV,L1,"Kiến trúc dữ liệu phải thống nhất nguyên tắc, cấu trúc và mô hình dữ liệu với Khung kiến trúc dữ liệu quốc gia.",Kế thừa phân lớp và khái niệm dữ liệu chủ/danh mục/metadata.,AE01;AE02;AE16,Mô hình dữ liệu sử dụng cùng khái niệm và có mapping rõ.,ĐÁP ỨNG,,SU003,R2,C02.02;C02.03;C02.04
C02.02,C02,QĐ 2439/QĐ-TTg,"Điều 1; Khung ban hành kèm theo, Chương I, Mục I.1",A,DATA_GOV,L1,Phương thức kết nối/chia sẻ dữ liệu phải phù hợp Khung kiến trúc dữ liệu quốc gia.,Đưa kết nối liên cơ quan qua lớp tích hợp và nền tảng chia sẻ/điều phối.,AE11;AE12;AE20,Mọi luồng liên cơ quan chỉ ra biên tích hợp và cơ chế điều phối.,ĐÁP ỨNG,,SU003,R2,C02.01;C02.03;C02.04
C02.03,C02,QĐ 2439/QĐ-TTg,"Điều 1; Khung ban hành kèm theo, Chương I, Mục I.1",A,DATA_GOV,L1,"Quản trị, quản lý dữ liệu chuyên ngành phải phù hợp Khung quản trị, quản lý dữ liệu quốc gia.","Bổ sung ownership, provenance, chất lượng và vòng đời trong mô hình dữ liệu.",AE02;AE15;AE16,Mỗi nhóm dữ liệu có owner/source/quality/lifecycle.,ĐÁP ỨNG,,SU003,R2,C02.01;C02.02;C02.04
C02.04,C02,QĐ 2439/QĐ-TTg,"Điều 1; Khung ban hành kèm theo, Chương I, Mục I.1",A,DATA_GOV,L1,Từ điển dữ liệu chuyên ngành phải kế thừa/ánh xạ với Từ điển dữ liệu dùng chung.,Duy trì mapping/versioning ở AE02/AE18; V3 chỉ định contract nhưng chưa có schema thật để kiểm tra.,AE02;AE18,Cần schema/từ điển chính thức hoặc mẫu triển khai để xác nhận mapping field-level.,MỘT PHẦN,Remains partial: requires concrete schema evidence.,SU003,R2,C02.01;C02.02;C02.03
C03.01,C03,Luật 93/2025/QH15; NĐ 268/2025/NĐ-CP,"Luật 93/2025/QH15, khoản 3 Điều 20",A,PLATFORM,L1,"Nhà nước xây dựng, vận hành, duy trì Nền tảng số quản lý KH,CN&ĐMST quốc gia tập trung, thống nhất và kết nối các chủ thể liên quan.",Đặt nền tảng miền như thành phần tương thích/kết nối với nền tảng quốc gia; không coi là hệ thống biệt lập.,AE01;AE11;AE12;AE20,Kiến trúc có biên kết nối quốc gia và không tạo silo độc lập.,ĐÁP ỨNG,,SU004,R1,
C03.02,C03,Luật 93/2025/QH15; NĐ 268/2025/NĐ-CP,"NĐ 268, khoản 1 Điều 35",A,DATA_RULE,L1,Đối tượng DNKNST là doanh nghiệp được thành lập theo Luật Doanh nghiệp.,Định danh DNKNST phải liên kết EnterpriseIdentity từ nguồn đăng ký doanh nghiệp.,AE03;AE16,Hồ sơ DNKNST bắt buộc có khóa liên kết doanh nghiệp hợp lệ.,ĐÁP ỨNG,,SU005,R1,
C03.03,C03,Luật 93/2025/QH15; NĐ 268/2025/NĐ-CP,"NĐ 268, khoản 2 Điều 35",A,DATA_RULE,L1,DNKNST phải có dự án đã/cam kết được đầu tư hoặc được/cam kết hỗ trợ bởi các chủ thể được quy định.,Mô hình hồ sơ phải lưu quan hệ đầu tư/hỗ trợ và bằng chứng tương ứng.,AE04;AE17;AE19,"Có đối tượng quan hệ đầu tư/hỗ trợ, nguồn và tài liệu chứng minh.",ĐÁP ỨNG,,SU006,R1,
C03.04,C03,Luật 93/2025/QH15; NĐ 268/2025/NĐ-CP,"NĐ 268, khoản 3 Điều 35",A,DATA_RULE,L1,Khả năng tăng trưởng doanh thu đạt tối thiểu 20% trong 02 năm liên tiếp theo phân tích quy định.,Hồ sơ phải lưu dữ liệu/phân tích tăng trưởng và mốc thời gian phục vụ đánh giá.,AE04;AE15,Có trường/artefact bằng chứng tăng trưởng và rule kiểm tra 20%/02 năm.,ĐÁP ỨNG,,SU007,R1,
C03.05,C03,Luật 93/2025/QH15; NĐ 268/2025/NĐ-CP,"NĐ 268, khoản 1 Điều 38",A,RESPONSIBILITY,L1,"Người/tổ chức yêu cầu công nhận tự kê khai và chịu trách nhiệm về tính hợp pháp, trung thực, chính xác của hồ sơ.","Gắn provenance, người kê khai, thời điểm và tuyên bố trách nhiệm vào hồ sơ.",AE04;AE15,"Mỗi bản khai truy được tới chủ thể, thời điểm và phiên bản đã nộp.",ĐÁP ỨNG,,SU008,R1,
C03.06,C03,Luật 93/2025/QH15; NĐ 268/2025/NĐ-CP,"NĐ 268, khoản 2 Điều 39",A,LIFECYCLE,L1,Giấy công nhận bản giấy và bản điện tử có giá trị pháp lý như nhau.,"Sổ đăng ký giấy hỗ trợ bản điện tử và liên kết bản giấy, giữ cùng trạng thái hiệu lực.",AE06,Hai dạng giấy tham chiếu cùng record/decision và trạng thái.,ĐÁP ỨNG,,SU009,R1,
C03.07,C03,Luật 93/2025/QH15; NĐ 268/2025/NĐ-CP,"NĐ 268, khoản 3 Điều 39",A,TIME,L1,Giấy công nhận có thời hạn 05 năm từ ngày cấp.,Máy trạng thái tính ngày hết hiệu lực và cảnh báo vòng đời.,AE06;AE10,"Ngày hết hạn = ngày cấp + 05 năm, có lịch sử thay đổi.",ĐÁP ỨNG,,SU010,R1,
C03.08,C03,Luật 93/2025/QH15; NĐ 268/2025/NĐ-CP,"NĐ 268, khoản 4 Điều 40",A,AUTHORITY,L1,UBND cấp tỉnh có thẩm quyền công nhận DNKNST trong phạm vi quản lý.,Phân công hồ sơ theo phạm vi thẩm quyền/cơ quan có thẩm quyền.,AE04;AE20,Hồ sơ chỉ được quyết định bởi chủ thể/cơ quan đúng phạm vi.,ĐÁP ỨNG,,SU011,R1,
C03.09,C03,Luật 93/2025/QH15; NĐ 268/2025/NĐ-CP,"NĐ 268, khoản 5 Điều 40",A,AUTHORITY,L1,"Cơ quan có thẩm quyền chịu trách nhiệm cấp, cấp lại, chấm dứt và hủy bỏ hiệu lực Giấy công nhận.",Vòng đời giấy phải gắn chủ thể/cơ quan quyết định và loại quyết định.,AE06;AE20,"Mọi transition pháp lý có cơ quan, quyết định và căn cứ.",ĐÁP ỨNG,,SU012,R1,
C03.10,C03,Luật 93/2025/QH15; NĐ 268/2025/NĐ-CP,"NĐ 268, điểm d khoản 1 Điều 41",A,COUNCIL,L1,Hội đồng tư vấn cho DNKNST có 05--07 thành viên.,Rule hội đồng cấu hình số lượng thành viên theo loại hồ sơ.,AE05;AE18,Không cho chốt hội đồng DNKNST ngoài khoảng 05--07.,ĐÁP ỨNG,,SU013,R1,
C03.11,C03,Luật 93/2025/QH15; NĐ 268/2025/NĐ-CP,"NĐ 268, khoản 2 Điều 41",A,COUNCIL,L1,"Hội đồng có Chủ tịch, Phó Chủ tịch, ủy viên, thư ký; 02 ủy viên phản biện; ít nhất 1/2 thành viên là chuyên gia đáp ứng kinh nghiệm.","Lưu vai trò thành viên, phản biện và điều kiện kinh nghiệm.",AE05;AE18,"Rule kiểm tra đủ vai trò, 02 phản biện và tỷ lệ chuyên gia.",ĐÁP ỨNG,,SU014,R1,
C03.12,C03,Luật 93/2025/QH15; NĐ 268/2025/NĐ-CP,"NĐ 268, điểm a khoản 3 Điều 41",A,COUNCIL,L1,"Phiên họp phải có ít nhất 2/3 tổng số thành viên, có Chủ tịch/Phó Chủ tịch và đủ 02 phản biện.",Quorum là điều kiện trước khi mở/chốt phiên họp.,AE05;AE18,Không cho kết luận nếu quorum/roles không đạt.,ĐÁP ỨNG,,SU015,R1,
C03.13,C03,Luật 93/2025/QH15; NĐ 268/2025/NĐ-CP,"NĐ 268, điểm d khoản 4 Điều 41",A,COUNCIL,L1,Kết quả đồng ý khi trên 2/3 số thành viên có mặt bỏ phiếu Đồng ý.,Rule tính kết quả dựa trên số người có mặt và phiếu.,AE05;AE18,Kết quả tự động/kiểm tra đúng ngưỡng >2/3.,ĐÁP ỨNG,,SU016,R1,
C03.14,C03,Luật 93/2025/QH15; NĐ 268/2025/NĐ-CP,"NĐ 268, điểm đ khoản 4 Điều 41",A,AUDIT,L1,"Thư ký công khai kết quả biểu quyết, lập biên bản và có chữ ký xác nhận của thành viên dự họp.","Lưu kết quả, biên bản, chữ ký/xác nhận và audit trail.",AE05;AE15,Biên bản chứa kết quả và dấu xác nhận thành viên.,ĐÁP ỨNG,,SU017,R1,
C03.15,C03,Luật 93/2025/QH15; NĐ 268/2025/NĐ-CP,"NĐ 268, khoản 1 Điều 43",A,WORKFLOW,L1,Hồ sơ công nhận được gửi trực tiếp hoặc trực tuyến tới cơ quan có thẩm quyền.,Hỗ trợ đa kênh tiếp nhận nhưng hợp nhất vào một hồ sơ/trạng thái.,AE04;AE07;AE24;AE26,Hồ sơ từ hai kênh được định danh và xử lý thống nhất.,ĐÁP ỨNG,,SU018,R1,
C03.16,C03,Luật 93/2025/QH15; NĐ 268/2025/NĐ-CP,"NĐ 268, điểm a khoản 2 Điều 43",A,TIME,L1,Trong 05 ngày làm việc phải trả lời về tính hợp lệ hồ sơ công nhận.,Bộ hẹn 05 ngày làm việc gắn trạng thái kiểm tra hợp lệ.,AE04;AE10;AE24;AE26,Có timestamp tiếp nhận và deadline; cảnh báo/ghi bằng chứng trả lời.,ĐÁP ỨNG,,SU019,R1,
C03.17,C03,Luật 93/2025/QH15; NĐ 268/2025/NĐ-CP,"NĐ 268, điểm b khoản 2 Điều 43",A,TIME,L1,Trong 15 ngày từ hồ sơ hợp lệ phải công nhận/cấp giấy hoặc từ chối.,Bộ hẹn 15 ngày và outcome quyết định/từ chối có lý do.,AE04;AE06;AE10;AE24;AE26,Có deadline từ mốc hồ sơ hợp lệ đến outcome.,ĐÁP ỨNG,,SU020,R1,
C03.18,C03,Luật 93/2025/QH15; NĐ 268/2025/NĐ-CP,"NĐ 268, điểm c khoản 2 Điều 43",A,WORKFLOW,L1,"Khi cần thiết, cơ quan có thẩm quyền có thể thành lập Hội đồng tư vấn công nhận.",Workflow có nhánh tùy chọn sang hội đồng.,AE04;AE05;AE24;AE26,Có transition tạo hội đồng nhưng không bắt buộc mọi hồ sơ.,ĐÁP ỨNG,,SU021,R2,C03.19;C03.20;C03.21;C03.22
C03.19,C03,Luật 93/2025/QH15; NĐ 268/2025/NĐ-CP,"NĐ 268, điểm c khoản 2 Điều 43",A,TIME,L1,"Nếu cần giải trình theo Hội đồng, trong 05 ngày làm việc sau họp phải yêu cầu giải trình/hoàn thiện.",Bộ hẹn sau phiên họp và sự kiện yêu cầu bổ sung.,AE04;AE05;AE10;AE24;AE26,Deadline 05 ngày tính từ timestamp phiên họp.,ĐÁP ỨNG,,SU021,R2,C03.18;C03.20;C03.21;C03.22
C03.20,C03,Luật 93/2025/QH15; NĐ 268/2025/NĐ-CP,"NĐ 268, điểm c khoản 2 Điều 43",A,TIME,L1,Người nộp có 15 ngày để giải trình/hoàn thiện; quá hạn thì dừng xử lý.,Trạng thái chờ giải trình có deadline và transition đóng hồ sơ quá hạn.,AE04;AE10;AE24;AE26,Quá 15 ngày không bổ sung => trạng thái dừng có căn cứ.,ĐÁP ỨNG,,SU021,R2,C03.18;C03.19;C03.21;C03.22
C03.21,C03,Luật 93/2025/QH15; NĐ 268/2025/NĐ-CP,"NĐ 268, điểm c khoản 2 Điều 43",A,TIME,L1,"Nếu đồng ý, trong 07 ngày làm việc từ họp Hội đồng hoặc nhận hồ sơ hoàn thiện phải ra quyết định/cấp giấy.",Bộ hẹn 07 ngày cho nhánh chấp thuận sau hội đồng/giải trình.,AE04;AE06;AE10;AE24;AE26,Deadline 07 ngày theo đúng mốc khởi tạo.,ĐÁP ỨNG,,SU021,R2,C03.18;C03.19;C03.20;C03.22
C03.22,C03,Luật 93/2025/QH15; NĐ 268/2025/NĐ-CP,"NĐ 268, điểm c khoản 2 Điều 43",A,TIME,L1,"Nếu không đồng ý, trong 07 ngày làm việc phải thông báo kết quả và nêu rõ lý do.",Outcome từ chối lưu lý do và bằng chứng thông báo trong 07 ngày.,AE04;AE10;AE24;AE26,"Có reason code/text, timestamp và bằng chứng gửi.",ĐÁP ỨNG,,SU021,R2,C03.18;C03.19;C03.20;C03.21
C03.23,C03,Luật 93/2025/QH15; NĐ 268/2025/NĐ-CP,"NĐ 268, khoản 3 Điều 43",A,TIME,L1,"Nếu muốn tiếp tục công nhận, phải thực hiện thủ tục trước khi giấy hết hạn 60 ngày.",Cảnh báo gia hạn trước hạn 60 ngày; không tự gia hạn giấy.,AE06;AE10;AE24,Cảnh báo/khả năng mở hồ sơ tiếp tục trước 60 ngày.,ĐÁP ỨNG,,SU022,R1,
C03.24,C03,Luật 93/2025/QH15; NĐ 268/2025/NĐ-CP,"NĐ 268, điểm a khoản 3 Điều 44",A,TIME,L1,Trong 05 ngày làm việc phải trả lời tính hợp lệ hồ sơ cấp lại.,Bộ hẹn 05 ngày cho kiểm tra hợp lệ cấp lại.,AE06;AE10;AE24,Deadline và bằng chứng trả lời được lưu.,ĐÁP ỨNG,,SU023,R1,
C03.25,C03,Luật 93/2025/QH15; NĐ 268/2025/NĐ-CP,"NĐ 268, điểm b khoản 3 Điều 44",A,TIME,L1,Trong 15 ngày từ hồ sơ hợp lệ phải cấp lại hoặc từ chối.,Bộ hẹn 15 ngày cho outcome cấp lại.,AE06;AE10;AE24,Có deadline và outcome cấp lại/từ chối.,ĐÁP ỨNG,,SU024,R1,
C03.26,C03,Luật 93/2025/QH15; NĐ 268/2025/NĐ-CP,"NĐ 268, khoản 4 Điều 44",A,LIFECYCLE,L1,Giấy cấp lại giữ thời hạn hiệu lực của giấy đã cấp.,Version mới kế thừa expiry của bản gốc.,AE06;AE24,Expiry cấp lại không bị reset.,ĐÁP ỨNG,,SU025,R1,
C03.27,C03,Luật 93/2025/QH15; NĐ 268/2025/NĐ-CP,"NĐ 268, khoản 1 Điều 45",A,LIFECYCLE,L1,Các căn cứ chấm dứt hiệu lực Giấy công nhận phải được phản ánh trong quyết định trạng thái.,Kho rule mã hóa grounds và lưu căn cứ transition chấm dứt.,AE06;AE18;AE24;AE26,Transition chấm dứt bắt buộc có ground hợp lệ.,ĐÁP ỨNG,,SU026,R1,
C03.28,C03,Luật 93/2025/QH15; NĐ 268/2025/NĐ-CP,"NĐ 268, khoản 2 Điều 45",A,LIFECYCLE,L1,Các căn cứ hủy bỏ hiệu lực Giấy công nhận phải được phản ánh trong quyết định trạng thái.,Kho rule mã hóa grounds hủy bỏ và lưu căn cứ.,AE06;AE18;AE24;AE26,Transition hủy bỏ bắt buộc có ground hợp lệ.,ĐÁP ỨNG,,SU027,R1,
C03.29,C03,Luật 93/2025/QH15; NĐ 268/2025/NĐ-CP,"NĐ 268, điểm a khoản 3 Điều 45",A,TIME,L1,Trong 05 ngày làm việc từ yêu cầu chấm dứt/hủy bỏ phải trả lời tính hợp lệ.,Bộ hẹn 05 ngày cho kiểm tra hồ sơ chấm dứt/hủy.,AE06;AE10;AE24;AE26,Deadline và bằng chứng trả lời được lưu.,ĐÁP ỨNG,,SU028,R1,
C03.30,C03,Luật 93/2025/QH15; NĐ 268/2025/NĐ-CP,"NĐ 268, điểm b khoản 3 Điều 45",A,TIME,L1,Trong 15 ngày từ yêu cầu hợp lệ phải quyết định chấm dứt/hủy/từ chối; có thể lập hội đồng.,"Workflow 15 ngày, outcome và nhánh hội đồng tùy chọn.",AE05;AE06;AE10;AE24;AE26,"Có deadline, quyết định và audit trail.",ĐÁP ỨNG,,SU029,R1,
C03.31,C03,Luật 93/2025/QH15; NĐ 268/2025/NĐ-CP,"NĐ 268, khoản 1 Điều 48",A,AUTHORITY,L1,"UBND cấp tỉnh nơi doanh nghiệp đặt trụ sở chính có thẩm quyền tiếp nhận, thẩm định, cấp/thay đổi/cấp lại/thu hồi/hủy Giấy chứng nhận DNKH&CN.",Mỗi cấp tỉnh xử lý trên nút dữ liệu nghiệp vụ theo phạm vi thẩm quyền; chỉ chủ thể đúng thẩm quyền được chốt quyết định.,AE07;AE08;AE09;AE20;AE24,"Ca kiểm thử phải chứng minh hồ sơ được định tuyến đúng tỉnh và quyết định được ghi tại AE24, không tại lớp trung ương.",ĐÁP ỨNG,,SU030,R1,
C03.32,C03,Luật 93/2025/QH15; NĐ 268/2025/NĐ-CP,"NĐ 268, khoản 3 Điều 48",A,DATA_SYNC,L1,UBND cấp tỉnh định kỳ cập nhật dữ liệu vòng đời chứng nhận DNKH&CN lên nền tảng quốc gia.,"CSDL tỉnh là nguồn vận hành cho vòng đời chứng nhận; thay đổi được đồng bộ/thông báo về AE25 với provenance, version và freshness.",AE06;AE10;AE11;AE12;AE15;AE24;AE25,Mỗi thay đổi tại AE24 tạo bản ghi đồng bộ hoặc truy vấn được ở AE25 mà không thay nguồn pháp lý.,ĐÁP ỨNG,,SU031,R1,
C03.33,C03,Luật 93/2025/QH15; NĐ 268/2025/NĐ-CP,"NĐ 268, khoản 1 Điều 50",A,CHANNEL,L1,Hồ sơ cấp Giấy chứng nhận DNKH&CN được nộp qua hệ thống dịch vụ công.,Không xây cổng TTHC thay thế; tích hợp kênh tiếp nhận với hệ thống dịch vụ công.,AE07;AE20;AE24,Hình ranh giới thể hiện hệ thống TTHC bên ngoài và contract hồ sơ/kết quả.,ĐÁP ỨNG,,SU032,R1,
C03.34,C03,Luật 93/2025/QH15; NĐ 268/2025/NĐ-CP,"NĐ 268, điểm b khoản 2 Điều 50",A,EVIDENCE,L1,"Hồ sơ có thể dùng các văn bản công nhận/kết quả từ chuyển giao công nghệ, sở hữu trí tuệ và kết quả nhiệm vụ KH,CN&ĐMST.","Tham chiếu nguồn bằng chứng chuyên ngành, không biến bản sao thành nguồn pháp lý mới.",AE19;AE15;AE16;AE24,"Mỗi evidence record lưu loại, nguồn, định danh và trạng thái xác minh.",ĐÁP ỨNG,,SU033,R1,
C03.35,C03,Luật 93/2025/QH15; NĐ 268/2025/NĐ-CP,"NĐ 268, khoản 1 Điều 51",A,TIME,L1,Trong 03 ngày làm việc từ tiếp nhận hồ sơ DNKH&CN phải kiểm tra đầy đủ/hợp lệ.,Bộ hẹn 03 ngày làm việc cho trạng thái kiểm tra.,AE08;AE10;AE24;AE26,Có timestamp và deadline 03 ngày.,ĐÁP ỨNG,,SU034,R1,
C03.36,C03,Luật 93/2025/QH15; NĐ 268/2025/NĐ-CP,"NĐ 268, khoản 2 Điều 51",A,TIME,L1,Trong 15 ngày từ hồ sơ hợp lệ phải cấp hoặc từ chối cấp Giấy chứng nhận.,Bộ hẹn 15 ngày và outcome cấp/từ chối.,AE08;AE06;AE10;AE24;AE26,Có deadline và evidence của quyết định.,ĐÁP ỨNG,,SU035,R1,
C03.37,C03,Luật 93/2025/QH15; NĐ 268/2025/NĐ-CP,"NĐ 268, khoản 3 Điều 51",A,WORKFLOW,L1,"Thẩm định có thể theo tự thẩm định, chuyên gia độc lập hoặc Hội đồng.",Workflow hỗ trợ ba mode đánh giá và lưu chủ thể/kết quả.,AE08;AE05;AE24;AE26,Mỗi hồ sơ ghi mode thẩm định và artefact đánh giá tương ứng.,ĐÁP ỨNG,,SU036,R1,
C03.38,C03,Luật 93/2025/QH15; NĐ 268/2025/NĐ-CP,"NĐ 268, khoản 3 Điều 52",A,TIME,L1,Trong 10 ngày từ hồ sơ hợp lệ phải cấp/từ chối thay đổi nội dung hoặc cấp lại Giấy chứng nhận DNKH&CN.,Bộ hẹn 10 ngày và version certificate.,AE06;AE08;AE10;AE24;AE26,Deadline và outcome gắn version mới.,ĐÁP ỨNG,,SU037,R1,
C03.39,C03,Luật 93/2025/QH15; NĐ 268/2025/NĐ-CP,"NĐ 268, khoản 1 Điều 53",A,TIME,L1,Định kỳ 03 năm từ ngày cấp phải kiểm tra điều kiện duy trì hiệu lực.,Lịch hậu kiểm 03 năm gắn giấy và trạng thái.,AE09;AE10;AE24;AE26,Tạo được lịch hậu kiểm từ ngày cấp và lưu kết quả.,ĐÁP ỨNG,,SU038,R1,
C03.40,C03,Luật 93/2025/QH15; NĐ 268/2025/NĐ-CP,"NĐ 268, khoản 2 Điều 53",A,LIFECYCLE,L1,Thu hồi Giấy chứng nhận chỉ theo các căn cứ được quy định.,Kho rule grounds thu hồi và căn cứ quyết định.,AE09;AE18;AE24;AE26,Transition thu hồi có ground hợp lệ và evidence.,ĐÁP ỨNG,,SU039,R1,
C03.41,C03,Luật 93/2025/QH15; NĐ 268/2025/NĐ-CP,"NĐ 268, khoản 3 Điều 53",A,LIFECYCLE,L1,Hủy bỏ hiệu lực Giấy chứng nhận chỉ theo các căn cứ được quy định.,Kho rule grounds hủy bỏ và căn cứ quyết định.,AE09;AE18;AE24;AE26,Transition hủy bỏ có ground hợp lệ và evidence.,ĐÁP ỨNG,,SU040,R1,
C03.42,C03,Luật 93/2025/QH15; NĐ 268/2025/NĐ-CP,"NĐ 268, khoản 4 Điều 53",A,WORKFLOW,L1,Cơ quan có thẩm quyền có thể lập Hội đồng tư vấn khi xem xét thu hồi/hủy bỏ.,Workflow có nhánh hội đồng tùy chọn.,AE09;AE05;AE24;AE26,Có thể tạo hội đồng và liên kết kết quả với quyết định.,ĐÁP ỨNG,,SU041,R1,
C03.43,C03,Luật 93/2025/QH15; NĐ 268/2025/NĐ-CP,"NĐ 268, khoản 5 Điều 53",A,PUBLICATION,L1,Việc thu hồi/hủy bỏ phải công khai trên cổng thông tin của cơ quan ít nhất 30 ngày kể từ quyết định.,Lưu publication window và bằng chứng công khai; hỗ trợ feed/công bố.,AE09;AE21;AE10;AE24;AE26,"Có mốc bắt đầu, thời hạn >=30 ngày và bằng chứng URL/ấn phẩm.",ĐÁP ỨNG,,SU042,R1,
C03.44,C03,Luật 93/2025/QH15; NĐ 268/2025/NĐ-CP,"NĐ 268, khoản 2 Điều 54",A,REPORTING,L1,DNKH&CN báo cáo đầy đủ/chính xác trên nền tảng trực tuyến của Bộ trước 15/12 hằng năm.,"Biểu mẫu báo cáo, kỳ báo cáo, deadline và provenance doanh nghiệp nộp.",AE10;AE15;AE24,"Mỗi kỳ có trạng thái nộp, timestamp và cảnh báo trước 15/12.",ĐÁP ỨNG,,SU043,R1,
C03.45,C03,Luật 93/2025/QH15; NĐ 268/2025/NĐ-CP,"NĐ 268, khoản 4 Điều 65",A,GOVERNANCE,L1,"Bộ KH&CN xây dựng, quản lý, phát triển, duy trì mạng lưới/CSDL và thiết lập kết nối, liên thông, chia sẻ thông tin.","V1/V4 xác định vai trò trung ương, cấp tỉnh, source owner, platform operator và architecture/data governance; AE20 giữ boundary.",AE11;AE12;AE17;AE20;AE22;AE24,Responsibility model chỉ rõ ai quản trị CSDL/liên thông và platform không chiếm thẩm quyền nghiệp vụ.,ĐÁP ỨNG,Governance responsibility formalized in WP3.,SU044,R1,
C03.46,C03,Luật 93/2025/QH15; NĐ 268/2025/NĐ-CP,"NĐ 268, khoản 2 Điều 66",A,TIME,L1,UBND cấp tỉnh/cơ quan được ủy quyền thông báo Bộ trong 15 ngày từ quyết định công nhận/cấp lại/chấm dứt/hủy bỏ và Giấy chứng nhận DNKH&CN.,"Nút tỉnh phát sự kiện/thông báo lên lớp trung ương; deadline 15 ngày, retry, receipt và audit độc lập với khả dụng tức thời của trung ương.",AE10;AE11;AE12;AE15;AE24;AE25,Giả lập central unavailable: địa phương vẫn ghi quyết định; hàng đợi/outbox giữ event và gửi lại trong giới hạn nghiệp vụ.,ĐÁP ỨNG,,SU045,R1,
C03.47,C03,Luật 93/2025/QH15; NĐ 268/2025/NĐ-CP,"NĐ 268, khoản 4 Điều 66",A,PUBLICATION,L1,"Cấp tỉnh cung cấp/cập nhật thông tin mạng lưới, CSDL và công bố thông tin hoạt động ĐMST/KNST trên cổng địa phương.","Định nghĩa publication data contract; platform cung cấp feed/metadata, cổng địa phương thực hiện công bố.",AE17;AE20;AE21;AE24,Có responsibility boundary và contract tối thiểu cho dữ liệu công bố địa phương.,ĐÁP ỨNG,Publication boundary formalized in WP3.,SU046,R1,
C03.48,C03,Luật 93/2025/QH15; NĐ 268/2025/NĐ-CP,"NĐ 268, khoản 5 Điều 66",A,REPORTING,L1,Cấp tỉnh theo dõi/tổng hợp/đánh giá và báo cáo Bộ trước 31/3 hằng năm.,AE25 tổng hợp mô hình đọc/báo cáo từ các AE24 theo phạm vi thẩm quyền; giữ độ mới/nguồn gốc để đối soát.,AE10;AE17;AE15;AE24;AE25,"Báo cáo trung ương truy được dữ liệu từng tỉnh, kỳ, nguồn và thời điểm đồng bộ.",ĐÁP ỨNG,,SU047,R1,
C04.01,C04,Luật Dữ liệu 60/2024/QH15,điểm a khoản 2 Điều 11,A,DATA_STD,L1,Cơ quan nhà nước dùng thống nhất bảng mã danh mục dùng chung và thống nhất với dữ liệu chủ trong CSDL quốc gia.,Kế thừa/ánh xạ mã và dữ liệu chủ; không tạo taxonomy độc lập.,AE02;AE16,Có mapping dictionary/key tới nguồn quốc gia.,ĐÁP ỨNG,,SU048,R1,
C04.02,C04,Luật Dữ liệu 60/2024/QH15,điểm b khoản 2 Điều 11,A,ONCE_ONLY,L1,"Dữ liệu đã có trong CSDL được kết nối, chia sẻ thì không thu thập lại.",Ưu tiên tham chiếu/truy vấn/đồng bộ nguồn có thẩm quyền; tránh form thu lại dữ liệu định danh.,AE03;AE11;AE16,Trường dữ liệu nguồn ngoài được đánh dấu source và không yêu cầu nhập lại nếu truy cập được.,ĐÁP ỨNG,,SU049,R1,
C04.03,C04,Luật Dữ liệu 60/2024/QH15,điểm c khoản 2 Điều 11,A,DATA_CREATE,L1,"Dữ liệu phục vụ quản lý nhà nước/TTHC/dịch vụ công phải được tạo lập, số hóa theo pháp luật.",Ghi provenance và phương thức tạo lập; chỉ nhận artefact hợp lệ.,AE07;AE15,"Record có nguồn tạo lập, chủ thể và loại chứng từ.",ĐÁP ỨNG,,SU050,R1,
C04.04,C04,Luật Dữ liệu 60/2024/QH15,điểm đ khoản 2 Điều 11,A,PROVENANCE,L1,"Dữ liệu thu từ số hóa phải xác thực, truy nguyên được tới bản số hóa giấy tờ/tài liệu.",Lưu liên kết tới nguồn số hóa và hash/version nếu có.,AE15,Từ record truy ngược được artefact số hóa nguồn.,ĐÁP ỨNG,,SU051,R1,
C04.05,C04,Luật Dữ liệu 60/2024/QH15,khoản 1 Điều 12,A,QUALITY,L1,"Chất lượng dữ liệu gồm chính xác, hợp lệ, toàn vẹn, đầy đủ, kịp thời và thống nhất.",Định nghĩa data-quality dimensions và trạng thái kiểm tra.,AE15,Mỗi dataset quan trọng có rule/metric cho các chiều áp dụng.,ĐÁP ỨNG,,SU052,R1,
C04.06,C04,Luật Dữ liệu 60/2024/QH15,điểm a khoản 2 Điều 12,A,QUALITY,L1,Cơ quan quản lý CSDL phải áp dụng đồng bộ tiêu chuẩn/quy chuẩn và quy trình bảo đảm chất lượng.,Gắn rule chất lượng/chuẩn vào metadata quản trị.,AE02;AE15,Metadata chỉ ra chuẩn/rule chất lượng đang áp dụng.,ĐÁP ỨNG,,SU053,R1,
C04.07,C04,Luật Dữ liệu 60/2024/QH15,điểm b khoản 2 Điều 12,A,QUALITY,L1,"Phải thường xuyên kiểm tra, giám sát, khắc phục, đồng bộ và cập nhật dữ liệu.","Thiết kế job/luồng kiểm tra, đồng bộ và lịch sử khắc phục.",AE11;AE15,Có log kiểm tra/sync/correction và trạng thái lỗi.,ĐÁP ỨNG,,SU054,R1,
C04.08,C04,Luật Dữ liệu 60/2024/QH15,khoản 1 Điều 13,A,CLASSIFICATION,L1,"Cơ quan nhà nước phải phân loại dữ liệu theo chia sẻ, mức quan trọng và tiêu chí quản trị/bảo vệ.","Formal hóa classification profile theo trục chia sẻ, tầm quan trọng, dữ liệu cá nhân/nhạy cảm và điều kiện truy cập.",AE14;AE15;AE23,Mỗi nhóm dữ liệu có classification profile; catalog giá trị cụ thể kế thừa nguồn có thẩm quyền.,ĐÁP ỨNG,Architecture taxonomy axes formalized in WP3.,SU055,R1,
C05.01,C05,NĐ 278/2025/NĐ-CP,khoản 1 Điều 4,A,INTEROP_GOV,L1,"Chia sẻ dữ liệu phải kịp thời, đầy đủ, đúng mục đích, an toàn và đúng thẩm quyền.",Contract dữ liệu và policy truy cập gắn mục đích/phạm vi/chủ thể.,AE14;AE20,"Mỗi interface có scope, purpose, authority và audit.",ĐÁP ỨNG,,SU056,R1,
C05.02,C05,NĐ 278/2025/NĐ-CP,khoản 2 Điều 4,A,INTEROP,L1,"Mọi chia sẻ dữ liệu bắt buộc phải qua Nền tảng chia sẻ, điều phối dữ liệu để giám sát, truy vết, đánh giá.",Định tuyến luồng liên cơ quan qua biên Agent Node/nền tảng quốc gia.,AE12;AE20;AE15,Không có luồng bắt buộc point-to-point vượt ngoài biên quy định.,ĐÁP ỨNG,,SU057,R1,
C05.03,C05,NĐ 278/2025/NĐ-CP,khoản 3 Điều 4,A,INTEROP,L1,"Chia sẻ theo danh mục CSDL/dữ liệu bắt buộc, tiêu chuẩn kỹ thuật và cơ chế có thẩm quyền.",Interface catalog gắn dataset/standard/authority.,AE02;AE11;AE20,Mỗi interface chỉ ra dataset và chuẩn/cơ chế áp dụng.,ĐÁP ỨNG,,SU058,R1,
C05.04,C05,NĐ 278/2025/NĐ-CP,khoản 4 Điều 4,A,DATA_GOV,L1,"Kết nối/chia sẻ phải tuân thủ Khung dữ liệu quốc gia, quản trị và từ điển dùng chung.",Trace interface/data model tới khung/từ điển.,AE01;AE02;AE20,Có mapping architecture/data dictionary.,ĐÁP ỨNG,,SU059,R1,
C05.05,C05,NĐ 278/2025/NĐ-CP,khoản 5 Điều 4,A,METADATA,L1,"Cơ quan quản lý CSDL phải công bố mô tả, phạm vi, chất lượng, cơ quan quản lý và điều kiện tiếp cận dữ liệu.","AE02/AE21 bắt buộc metadata công bố: mô tả, phạm vi, chất lượng, cơ quan quản lý, điều kiện tiếp cận.",AE02;AE21,Dataset catalog có đủ năm trường bắt buộc và publication mechanism.,ĐÁP ỨNG,Minimum publication metadata formalized in WP3.,SU060,R1,
C05.06,C05,NĐ 278/2025/NĐ-CP,khoản 6 Điều 4,A,PRIVACY,L1,Chia sẻ không được xâm phạm quyền riêng tư/bí mật cá nhân/gia đình trừ trường hợp luật quy định.,"Kiểm soát truy cập, minimization và policy dữ liệu cá nhân.",AE14,Interface lọc dữ liệu theo quyền và purpose.,ĐÁP ỨNG,,SU061,R1,
C05.07,C05,NĐ 278/2025/NĐ-CP,khoản 7 Điều 4,A,QUALITY,L1,"Dữ liệu chia sẻ phải cập nhật, chính xác.",Quality status và sync timestamps gắn dữ liệu chia sẻ.,AE11;AE15,Payload/record có version/timestamp/source; quality checks.,ĐÁP ỨNG,,SU062,R1,
C05.08,C05,NĐ 278/2025/NĐ-CP,khoản 1 Điều 5,A,MASTER_DATA,L1,"Tích hợp, đồng bộ và sử dụng dữ liệu chủ quốc gia là bắt buộc khi xây/cập nhật/vận hành CSDL, HTTT.",Không tạo enterprise master tách rời; reuse national master where applicable.,AE03;AE16,EnterpriseIdentity có upstream national master/source.,ĐÁP ỨNG,,SU063,R1,
C05.09,C05,NĐ 278/2025/NĐ-CP,khoản 2 Điều 5,A,SOURCE_OF_TRUTH,L1,Một dữ liệu chủ quốc gia chỉ có một nguồn tin cậy duy nhất.,Phân định source authority theo thuộc tính và không tạo competing authoritative copy.,AE16;AE15,Mỗi thuộc tính master có exactly one authoritative source role.,ĐÁP ỨNG,,SU064,R1,
C05.10,C05,NĐ 278/2025/NĐ-CP,khoản 3 Điều 5,A,IDENTIFIER,L1,Dữ liệu chủ được thiết lập từ mã khóa định danh và danh mục dữ liệu chủ quốc gia.,Dùng key mapping và canonical identifier.,AE02;AE03;AE16,Mỗi master entity có identifier mapping documented.,ĐÁP ỨNG,,SU065,R1,
C05.11,C05,NĐ 278/2025/NĐ-CP,khoản 1 Điều 6,A,MASTER_DATA,L1,"Bộ/cơ quan trung ương xác định, công bố, cập nhật dữ liệu chủ chuyên ngành và tích hợp vào Từ điển dữ liệu dùng chung.",Domain master catalog/version và mapping common dictionary.,AE02;AE16;AE18,Danh mục master chuyên ngành có owner/version và mapping.,ĐÁP ỨNG,,SU066,R1,
C05.12,C05,NĐ 278/2025/NĐ-CP,khoản 2 Điều 6,A,MASTER_DATA,L1,"Dữ liệu chủ chuyên ngành phải có khả năng mở rộng, tích hợp, liên thông, truy xuất với dữ liệu chủ quốc gia.",Mô hình liên kết key/source giữa domain master và national master.,AE03;AE11;AE16,Từ domain entity truy xuất được national identifier/source.,ĐÁP ỨNG,,SU067,R1,
C05.13,C05,NĐ 278/2025/NĐ-CP,điểm a khoản 2 Điều 7,A,INTEROP,L1,"Truy vấn bắt buộc thực hiện qua Nền tảng chia sẻ, điều phối dữ liệu; nền tảng xác thực và phân quyền trao đổi.",Adapter query đi qua AE12 và policy authorization.,AE12;AE14;AE20;AE24;AE25,Sequence/interface chỉ ra platform-mediated query và authz.,ĐÁP ỨNG,,SU068,R1,
C05.14,C05,NĐ 278/2025/NĐ-CP,điểm b khoản 2 Điều 7,A,INTEROP,L1,"Có thể đồng bộ một phần/toàn bộ dữ liệu qua Nền tảng chia sẻ, điều phối dữ liệu.",Cho phép query-on-demand hoặc đồng bộ một phần/toàn bộ miền được phép từ AE24 sang AE25 qua nền tảng chia sẻ; strategy là VP1.,AE11;AE12;AE15;AE24;AE25,"Thiết kế chỉ rõ dataset nào query, partial sync hay full sync; mọi bản sao giữ provenance/version.",ĐÁP ỨNG,,SU069,R1,
C05.15,C05,NĐ 278/2025/NĐ-CP,khoản 3 Điều 7,A,SECURITY,L1,"Agent Node là thành phần bảo mật điểm kết nối bắt buộc cho kết nối trực tiếp tới Nền tảng chia sẻ, điều phối dữ liệu.","Đặt Agent Node tại boundary, không mô hình như module nghiệp vụ.",AE12;AE20;AE24;AE25,Hình ranh giới có Agent Node giữa Bộ và nền tảng quốc gia.,ĐÁP ỨNG,,SU070,R1,
C05.16,C05,NĐ 278/2025/NĐ-CP,khoản 2 Điều 10,A,INTEROP,L1,"Dữ liệu bắt buộc được chia sẻ qua Nền tảng chia sẻ, điều phối; kết nối trực tiếp chỉ theo điều kiện/thỏa thuận quy định.",Default mediated integration; ngoại lệ direct connection phải có quyết định/contract.,AE12;AE20;AE24;AE25,Không có direct integration mặc định.,ĐÁP ỨNG,,SU071,R1,
C05.17,C05,NĐ 278/2025/NĐ-CP,khoản 2 Điều 23,A,TRANSITION,L1,NĐ 47/2020/NĐ-CP hết hiệu lực từ khi NĐ 278 có hiệu lực.,Không dùng NĐ47 làm căn cứ hiện hành; flag draft/source cũ.,AE01;AE18,Corpus/reference audit không coi NĐ47 là normative current source.,ĐÁP ỨNG,,SU072,R1,
C05.18,C05,NĐ 278/2025/NĐ-CP,khoản 2--3 Điều 24,A,TRANSITION,L1,Hệ thống phải hoàn tất chuẩn hóa và việc chia sẻ bắt buộc thống nhất qua nền tảng theo mốc 31/12/2026.,V5/AE22 ghi dependency và target path trước 31/12/2026 nhưng không thể chứng minh tiến độ triển khai.,AE11;AE12;AE20;AE22,Architecture supports target path; evidence of delivery milestone requires implementation plan/status.,MỘT PHẦN,Remains partial: implementation schedule evidence required.,SU073,R1,
C06.01,C06,QĐ 1973/QĐ-BKHCN,Mục II.1; nguyên tắc kế thừa khung quốc gia,A,ARCH_REF,L1,Khung dữ liệu Bộ kế thừa/tuân thủ kiến trúc dữ liệu quốc gia và từ điển dùng chung.,Trace model/data dictionary tới QĐ2439.,AE01;AE02,Data view chỉ ra inheritance/mapping.,ĐÁP ỨNG,,SU074,R1,
C06.02,C06,QĐ 1973/QĐ-BKHCN,Mục II.1(d--e),A,DATA_GOV,L1,Các thành phần phải kết nối/liên thông/tích hợp và tránh đầu tư/lưu trữ dữ liệu trùng lặp.,Reuse source data và shared integration layer.,AE03;AE11;AE16;AE20,Không có competing source or duplicate point-to-point silo.,ĐÁP ỨNG,,SU075,R1,
C06.03,C06,QĐ 1973/QĐ-BKHCN,Mục II.2; nguyên tắc tạo lập dữ liệu,A,ONCE_ONLY,L1,Dữ liệu được thu thập/tạo lập một lần tại cơ quan/hệ thống có thẩm quyền tạo ra dữ liệu.,Phân định create/update authority và provenance.,AE15;AE16,Mỗi nhóm thuộc tính có create/update authority.,ĐÁP ỨNG,,SU076,R1,
C06.04,C06,QĐ 1973/QĐ-BKHCN,Mục II.2; minh bạch chia sẻ dữ liệu,A,METADATA,L1,"Dữ liệu chia sẻ phải có thông tin nguồn gốc, nội dung và phạm vi.",Metadata/provenance đi kèm dataset/interface.,AE02;AE15;AE20,Dataset catalog có source/content/scope.,ĐÁP ỨNG,,SU077,R1,
C06.05,C06,QĐ 1973/QĐ-BKHCN,Mục II.2; xác định nguồn tạo lập,A,SOURCE_OF_TRUTH,L1,Phải xác định điểm tạo lập/nguồn gốc cho từng nhóm dữ liệu và trách nhiệm pháp lý của nguồn.,Phân vai authority/source tới cấp nhóm thuộc tính.,AE16;AE15,Authority matrix không gán một nguồn vật lý cho toàn entity.,ĐÁP ỨNG,,SU078,R1,
C06.06,C06,QĐ 1973/QĐ-BKHCN,Mục II.2; chuẩn hóa metadata/identifier,A,DATA_STD,L1,"Dữ liệu dùng chung phải dùng chuẩn, metadata và định danh thống nhất; chia sẻ qua nền tảng tích hợp của Bộ.","Canonical IDs, metadata và integration contract.",AE02;AE11;AE16,Có identifier mapping và shared integration path.,ĐÁP ỨNG,,SU079,R1,
C06.07,C06,QĐ 1973/QĐ-BKHCN,Mục III; nguyên tắc Zero Trust,A,SECURITY,L1,Các kết nối phải được xác thực/ủy quyền theo nguyên tắc an toàn được khung cấp Bộ đặt ra.,"V6/AE23 khóa trust zones, authentication/authorization concern, scope-limited privilege, interop boundary và audit owner; mechanism triển khai là L3.",AE13;AE14;AE20;AE23,"Mỗi vùng Z1--Z5 có actor/quyền, control và audit owner; external interfaces không đi vòng biên tích hợp.",ĐÁP ỨNG,WP7.3 security/privacy view completed.,SU080,R1,
C06.08,C06,QĐ 1973/QĐ-BKHCN,Mục III; Data Lineage,A,PROVENANCE,L1,Cần theo dõi nguồn gốc và biến đổi dữ liệu qua Data Lineage.,Lưu lineage/source/transformation/version.,AE15,Từ derived record truy được input/source/transformation.,ĐÁP ỨNG,,SU081,R1,
C06.09,C06,QĐ 1973/QĐ-BKHCN,Mục III.1.4,A,INTEROP,L1,"LGSP/LDOP và API Gateway là lớp tích hợp/chia sẻ, điều phối dữ liệu cấp Bộ.",Đặt integration layer ngoài domain core và dùng làm biên trao đổi.,AE11;AE20;AE24;AE25,Hình kiến trúc chỉ ra layer và responsibility.,ĐÁP ỨNG,,SU082,R2,C06.10
C06.10,C06,QĐ 1973/QĐ-BKHCN,Mục III.1.4,A,SECURITY,L1,Agent Node là điểm kết nối bảo mật giữa Bộ với các nền tảng quốc gia/Trung tâm dữ liệu quốc gia.,Đặt Agent Node tại boundary.,AE12;AE20;AE24;AE25,System context thể hiện Agent Node/national platform.,ĐÁP ỨNG,,SU082,R2,C06.09
C06.11,C06,QĐ 1973/QĐ-BKHCN,Mục III.3.2/metadata catalog,A,METADATA,L1,"Metadata phải mô tả nguồn gốc, cấu trúc, chất lượng và điều kiện khai thác dữ liệu.",Catalog metadata các thuộc tính trên.,AE02;AE15,Catalog schema có origin/structure/quality/access conditions.,ĐÁP ỨNG,,SU083,R1,
C06.12,C06,QĐ 1973/QĐ-BKHCN,"Mục III.3.3, STT 3",A,SOURCE_OF_TRUTH,L1,Dữ liệu tổ chức/doanh nghiệp có nguồn từ CSDL quốc gia về doanh nghiệp/CSDL dùng chung Bộ Tài chính.,EnterpriseIdentity lấy từ nguồn doanh nghiệp quốc gia.,AE03;AE16,Tên/định danh/status đăng ký không được platform tự tạo authoritative.,ĐÁP ỨNG,,SU084,R1,
C06.13,C06,QĐ 1973/QĐ-BKHCN,Mục III.3.3 và mô tả nền tảng dữ liệu dùng chung,A,DATA_GOV,L1,"Nền tảng dữ liệu dùng chung tích hợp dữ liệu từ hệ chuyên ngành/nguồn khác, không đồng nghĩa thay thế mọi hệ nguồn.",Giữ source-of-record boundary và shared/derived data separation.,AE11;AE15;AE16;AE20,Derived/shared copy luôn giữ upstream source/provenance.,ĐÁP ỨNG,,SU085,R1,
C06.14,C06,QĐ 1973/QĐ-BKHCN,"Phụ lục, Mục 3, STT 2--3",A,MASTER_DATA,L1,Danh mục dữ liệu chủ cấp Bộ bao gồm DNKH&CN trong miền KH&CN và DNKNST trong miền ĐMST.,Mô hình domain master riêng cho qualification/status nhưng liên kết enterprise identity chung.,AE16,Có hai domain qualification records liên kết một enterprise identity.,ĐÁP ỨNG,,SU086,R1,
C07.01,C07,QĐ 1762/QĐ-BKHCN,"Phụ lục, STT 38",A,DB_SCOPE,L1,"Danh mục CSDL chuyên ngành hiện hành liệt kê “CSDL Doanh nghiệp khởi nghiệp” do Cục Khởi nghiệp và Doanh nghiệp công nghệ chủ trì, không có một dòng riêng cho CSDL DNKH&CN.","Giữ CSDL chuyên ngành cấp Bộ/sổ đăng ký trung ương ở AE25 theo danh mục hiện hành; AE24 được mô hình là nút nghiệp vụ logic phục vụ thẩm quyền địa phương và không tự tuyên bố là một mục CSDL chuyên ngành mới. Việc AE24 có kho vật lý riêng chỉ thuộc profile P-DIST. Phạm vi DNKH&CN so với DNKNST vẫn cần nguồn có thẩm quyền làm rõ.",AE16;AE20,Kiến trúc phân biệt nút nghiệp vụ logic/profile triển khai với CSDL chuyên ngành chính thức; không tạo dòng danh mục pháp lý mới bằng quyết định kỹ thuật.,CẦN LÀM RÕ,Phạm vi tổ chức CSDL cần quyết định/cập nhật ở nguồn có thẩm quyền.,SU087,R1,
C07.02,C07,Dự thảo Khung tiêu chuẩn dữ liệu DNKH&CN/DNKNST (bản 2026 trong project source),Điều 4 khoản 1,D,DRAFT_DATA,D,"Dữ liệu được tạo lập một lần, cập nhật tại nguồn và sử dụng nhiều lần.",Đối chiếu với nguyên tắc tạo lập một lần và thẩm quyền nguồn của kiến trúc.,AE15;AE16,Chỉ dùng cho chẩn đoán.,KHÔNG CHẤM,Phù hợp về nguyên tắc với C04/C05.,SU088,R1,
C07.03,C07,Dự thảo Khung tiêu chuẩn dữ liệu DNKH&CN/DNKNST (bản 2026 trong project source),Điều 4 khoản 2,D,DRAFT_DATA,D,Mỗi dữ liệu chủ chỉ có một nguồn dữ liệu chính thức.,Kiểm tra dự thảo có chỉ rõ nguồn tới cấp thuộc tính hay chỉ cấp bản ghi.,AE16,Chỉ dùng cho chẩn đoán.,KHÔNG CHẤM,Cần làm rõ thẩm quyền nguồn theo nhóm thuộc tính.,SU089,R1,
C07.04,C07,Dự thảo Khung tiêu chuẩn dữ liệu DNKH&CN/DNKNST (bản 2026 trong project source),Điều 4 khoản 3,D,DRAFT_DATA,D,"Dữ liệu phải chuẩn hóa, quản lý tập trung, thống nhất và có khả năng kết nối/chia sẻ.","Đối chiếu yêu cầu quản lý tập trung, thống nhất với lõi SRA và profile P-DIST: quản trị logic tập trung không mặc nhiên đồng nghĩa lưu trữ vật lý tập trung; topology vẫn là VP7.",AE02;AE11;AE16,Chỉ dùng cho chẩn đoán.,KHÔNG CHẤM,Nếu văn bản chính thức quy định một topology bắt buộc thì VP7/P-DIST và AD01 phải đánh giá lại.,SU090,R1,
C07.05,C07,Dự thảo Khung tiêu chuẩn dữ liệu DNKH&CN/DNKNST (bản 2026 trong project source),Điều 4 khoản 5,D,DRAFT_TECH,D,Khuyến khích tiêu chuẩn mở và API/công nghệ hiện đại.,Không biến nội dung khuyến khích thành nghĩa vụ lựa chọn công nghệ.,AE11;AE20,Chỉ dùng cho chẩn đoán.,KHÔNG CHẤM,Không dùng để chứng minh lựa chọn công nghệ L3.,SU091,R1,
C07.06,C07,Dự thảo Khung tiêu chuẩn dữ liệu DNKH&CN/DNKNST (bản 2026 trong project source),Phụ lục I Điều 4; Phụ lục VI/VII tương ứng,D,DRAFT_ID,D,Mã số thuế là khóa định danh chính của doanh nghiệp; mã nội bộ phải liên kết mã số thuế.,Đối chiếu với nhóm thuộc tính định danh pháp lý doanh nghiệp và ánh xạ khóa.,AE03;AE16,Chỉ dùng cho chẩn đoán.,KHÔNG CHẤM,Phù hợp nếu nguồn mã số thuế được xác định từ nguồn quốc gia.,SU092,R1,
C07.07,C07,Dự thảo Khung tiêu chuẩn dữ liệu DNKH&CN/DNKNST (bản 2026 trong project source),"Phụ lục IV, MD001",D,DRAFT_MASTER,D,"MD001 DNKH&CN gom thông tin đăng ký, hồ sơ/chứng nhận và cập nhật địa phương trong một bản ghi gốc.",Kiểm tra nguy cơ trộn định danh pháp lý doanh nghiệp với thẩm quyền chứng nhận DNKH&CN.,AE03;AE16,Chỉ dùng cho chẩn đoán.,KHÔNG CHẤM,Cần làm rõ thẩm quyền theo thuộc tính.,SU093,R1,
C07.08,C07,Dự thảo Khung tiêu chuẩn dữ liệu DNKH&CN/DNKNST (bản 2026 trong project source),"Phụ lục IX, MD001",D,DRAFT_MASTER,D,"MD001 DNKNST gom thông tin đăng ký, hồ sơ/công nhận và cập nhật địa phương trong một bản ghi gốc.",Kiểm tra nguy cơ trộn định danh pháp lý doanh nghiệp với thẩm quyền công nhận DNKNST.,AE03;AE16,Chỉ dùng cho chẩn đoán.,KHÔNG CHẤM,Cần làm rõ thẩm quyền theo thuộc tính.,SU094,R1,
C07.09,C07,Dự thảo Khung tiêu chuẩn dữ liệu DNKH&CN/DNKNST (bản 2026 trong project source),Phần căn cứ pháp lý,D,DRAFT_LEGAL,D,Dự thảo vẫn viện dẫn NĐ 47/2020/NĐ-CP và NĐ 13/2023/NĐ-CP.,Đánh dấu căn cứ pháp lý cũ để đối chiếu với NĐ278/NĐ356 hiện hành.,AE01;AE18,Chỉ dùng cho chẩn đoán.,KHÔNG CHẤM,Cần cập nhật căn cứ trước khi ban hành.,SU095,R1,
C08.01,C08,NĐ 69/2024/NĐ-CP; NĐ 169/2025/NĐ-CP,"NĐ69, khoản 2 Điều 12",A,IDENTITY,L1,Cơ quan quản lý định danh kiểm tra/xác thực thông tin tổ chức với CSDL quốc gia về đăng ký doanh nghiệp và CSDL liên quan.,Không tự xác minh pháp lý doanh nghiệp ngoài nguồn có thẩm quyền; consume identity/auth result.,AE03;AE13,Organization identity links to official e-ID/enterprise source.,ĐÁP ỨNG,,SU096,R1,
C08.02,C08,NĐ 69/2024/NĐ-CP; NĐ 169/2025/NĐ-CP,"NĐ69, khoản 3 Điều 12",A,IDENTITY,L1,Kết quả đăng ký tài khoản định danh điện tử tổ chức phải được thông báo cho người thực hiện.,Platform consumes status/result; notification issuance remains e-ID system responsibility.,AE13;AE20,System context keeps notification responsibility outside platform.,ĐÁP ỨNG,,SU097,R1,
C08.03,C08,NĐ 69/2024/NĐ-CP; NĐ 169/2025/NĐ-CP,"NĐ69, điểm a khoản 4 Điều 13",A,TIME,L1,Cấp e-ID tổ chức không quá 03 ngày làm việc khi thông tin cần xác thực đã có trong CSDL.,Không dùng mốc này làm SLA của platform; chỉ model external dependency state if needed.,AE13;AE20,No internal API latency claim based on this deadline.,ĐÁP ỨNG,,SU098,R1,
C08.04,C08,NĐ 69/2024/NĐ-CP; NĐ 169/2025/NĐ-CP,"NĐ69, điểm b khoản 4 Điều 13",A,TIME,L1,Cấp e-ID tổ chức không quá 15 ngày khi thông tin phải xác minh.,"Tương tự, coi là deadline của hệ e-ID bên ngoài.",AE13;AE20,Responsibility boundary documented.,ĐÁP ỨNG,,SU099,R1,
C08.05,C08,NĐ 69/2024/NĐ-CP; NĐ 169/2025/NĐ-CP,"NĐ69, khoản 1 Điều 18",A,SECURITY,L1,Hệ thống của cơ quan/tổ chức kết nối e-ID phải đáp ứng ATTT tối thiểu cấp độ 3.,V6/AE23 ghi ATTT cấp độ 3 là deployment precondition cho kết nối e-ID; chưa có system implementation để chứng minh.,AE13;AE14;AE20;AE23,Security architecture records level-3 precondition; operational/system-level evidence required.,MỘT PHẦN,Remains partial: implementation evidence required.,SU100,R1,
C08.06,C08,NĐ 69/2024/NĐ-CP; NĐ 169/2025/NĐ-CP,"NĐ69, khoản 2 Điều 18",A,INTEROP_GOV,L1,Kết nối/chia sẻ e-ID dựa trên văn bản thống nhất nêu rõ phạm vi và mục đích.,Interface contract stores scope/purpose/owner.,AE13;AE20,Contract checklist includes scope and purpose.,ĐÁP ỨNG,,SU101,R1,
C08.07,C08,NĐ 69/2024/NĐ-CP; NĐ 169/2025/NĐ-CP,"NĐ69, khoản 1 Điều 19",A,IDENTITY,L1,Xác thực danh tính/tài khoản điện tử qua hệ thống/nền tảng định danh và xác thực điện tử.,"Sử dụng adapter external e-ID, không tự phát hành authoritative identity.",AE13,Authentication flow ends at official e-ID provider.,ĐÁP ỨNG,,SU102,R1,
C08.08,C08,NĐ 69/2024/NĐ-CP; NĐ 169/2025/NĐ-CP,"NĐ69, khoản 2 và khoản 4 Điều 19",A,PRIVACY,L1,Cơ quan dịch vụ công có thể xác thực qua hệ e-ID/CSDL liên quan; kết quả xác thực không được tùy ý chia sẻ lại hay tái dùng làm yếu tố xác thực giao dịch khác.,Hạn chế persistence/redistribution của auth result theo mục đích.,AE13;AE14,No auth-result republishing; audit purpose/consumer.,ĐÁP ỨNG,,SU103,R1,
C08.09,C08,NĐ 69/2024/NĐ-CP; NĐ 169/2025/NĐ-CP,"NĐ169, khoản 1--2 Điều 43",A,IDENTITY,L1,"Khái niệm/phương thức xác thực mở rộng qua CSDL tổng hợp quốc gia, hệ e-ID và nền tảng dữ liệu/phương thức khác do Bộ Công an cung cấp.",Giữ adapter abstraction để không khóa nền tảng vào một provider/method duy nhất.,AE13;AE20,Identity interface supports replaceable authorized provider.,ĐÁP ỨNG,,SU104,R1,
C09.01,C09,Luật Bảo vệ dữ liệu cá nhân 91/2025/QH15; NĐ 356/2025/NĐ-CP,"Luật 91, điểm c khoản 1 Điều 19",A,LEGAL_BASIS,L1,Xử lý dữ liệu cá nhân phục vụ hoạt động cơ quan nhà nước/quản lý nhà nước có thể thuộc trường hợp không cần sự đồng ý.,Ghi legal basis/purpose thay vì mặc định yêu cầu consent cho mọi xử lý quản lý nhà nước.,AE14;AE15,Processing record includes legal basis/purpose.,ĐÁP ỨNG,,SU105,R1,
C09.02,C09,Luật Bảo vệ dữ liệu cá nhân 91/2025/QH15; NĐ 356/2025/NĐ-CP,"Luật 91, khoản 2 Điều 19",A,GOVERNANCE,L1,"Xử lý không cần consent phải có cơ chế giám sát, quy trình/trách nhiệm, biện pháp bảo vệ, đánh giá rủi ro và kiểm tra định kỳ.","V6 phân tách privacy governance: legal basis/purpose, access control, audit, risk-review hook, periodic control review.",AE14;AE15;AE20;AE23,"Privacy control profile có owner, purpose/legal basis, audit và risk/control-review linkage.",ĐÁP ỨNG,Privacy governance formalized at architecture level. WP7.3 maps this constraint to V6 trust-zone/control matrix.,SU106,R1,
C09.03,C09,Luật Bảo vệ dữ liệu cá nhân 91/2025/QH15; NĐ 356/2025/NĐ-CP,"Luật 91, điểm c khoản 1 Điều 37",A,SECURITY,L1,"Bên kiểm soát phải áp dụng và cập nhật biện pháp quản lý, kỹ thuật phù hợp để bảo vệ dữ liệu cá nhân.","AE23 + AE18 quản lý control catalog/policy có version, owner, effective date và review/update lifecycle.",AE14;AE18;AE23,Security/privacy controls versioned and reviewable; implementation efficacy deferred.,ĐÁP ỨNG,Control lifecycle formalized in WP3. WP7.3 maps this constraint to V6 trust-zone/control matrix.,SU107,R1,
C09.04,C09,Luật Bảo vệ dữ liệu cá nhân 91/2025/QH15; NĐ 356/2025/NĐ-CP,"Luật 91, điểm e khoản 1 Điều 37",A,DATA_RIGHTS,L1,Bên kiểm soát phải bảo đảm các quyền của chủ thể dữ liệu cá nhân theo Điều 4.,"V6 yêu cầu data-subject request hook/service, identity verification, case status, audit và linkage tới authoritative data.",AE14;AE15;AE23,Architecture has explicit handling point for applicable data-subject rights; detailed workflow/legal exceptions configured per case.,ĐÁP ỨNG,Data-subject-right concern formalized in WP3. WP7.3 maps this constraint to V6 trust-zone/control matrix.,SU108,R1,
C09.05,C09,Luật Bảo vệ dữ liệu cá nhân 91/2025/QH15; NĐ 356/2025/NĐ-CP,"NĐ356, khoản 2 Điều 4",A,SENSITIVE_DATA,L1,"Khi xử lý dữ liệu cá nhân nhạy cảm, tổ chức phải thiết lập phân quyền giới hạn truy cập, quy trình xử lý và biện pháp bảo mật.","Access policy, sensitivity label và restricted workflow.",AE14;AE15,Sensitive attributes have restricted access policy.,ĐÁP ỨNG, WP7.3 maps this constraint to V6 trust-zone/control matrix.,SU109,R1,
C09.06,C09,Luật Bảo vệ dữ liệu cá nhân 91/2025/QH15; NĐ 356/2025/NĐ-CP,"NĐ356, khoản 1--2 Điều 42",A,TRANSITION,L1,NĐ356 có hiệu lực 01/01/2026 và NĐ13/2023 hết hiệu lực.,Corpus current-law audit và flag draft cũ.,AE01;AE18,NĐ13 not used as current normative mô hình nền.,ĐÁP ỨNG,,SU110,R1,
C10.01,C10,EIF 2017; Regulation (EU) 2024/903,"EIF, Mục 3.1, p.22",M,METHOD_REF,M,Quản trị liên thông phải bao quát các quyết định/thoả thuận xuyên lớp.,Dùng governance/ownership matrix cho interface.,AE20,Reference-only check; excluded from Vietnamese conformance denominator.,THAM CHIẾU,Không phải nghĩa vụ pháp lý tại Việt Nam.,SU111,R1,
C10.02,C10,EIF 2017; Regulation (EU) 2024/903,"EIF, Mục 3.3, p.27",M,METHOD_REF,M,Liên thông pháp lý xem xét khả năng các hệ thống hoạt động dưới các khung pháp lý tương thích.,Bảng liên thông có lớp pháp lý/authority.,AE20,Reference-only check; excluded from Vietnamese conformance denominator.,THAM CHIẾU,Không phải nghĩa vụ pháp lý tại Việt Nam.,SU112,R1,
C10.03,C10,EIF 2017; Regulation (EU) 2024/903,"EIF, Mục 3.4, p.28",M,METHOD_REF,M,Liên thông tổ chức xem xét quy trình/trách nhiệm phối hợp giữa các bên.,Bảng liên thông có owner/process/responsibility.,AE20,Reference-only check; excluded from Vietnamese conformance denominator.,THAM CHIẾU,Không phải nghĩa vụ pháp lý tại Việt Nam.,SU113,R1,
C10.04,C10,EIF 2017; Regulation (EU) 2024/903,"EIF, Mục 3.5, p.29",M,METHOD_REF,M,Liên thông ngữ nghĩa yêu cầu ý nghĩa dữ liệu được hiểu nhất quán.,Dictionary/schema semantics là concern riêng.,AE02;AE20,Reference-only check; excluded from Vietnamese conformance denominator.,THAM CHIẾU,Không phải nghĩa vụ pháp lý tại Việt Nam.,SU114,R1,
C10.05,C10,EIF 2017; Regulation (EU) 2024/903,"EIF, Mục 3.6, p.30",M,METHOD_REF,M,"Liên thông kỹ thuật bao gồm giao diện, kết nối và hạ tầng kỹ thuật.","Interface/adapter/transport là lớp kỹ thuật, không thay thế 3 lớp trên.",AE11;AE12;AE20,Reference-only check; excluded from Vietnamese conformance denominator.,THAM CHIẾU,Không phải nghĩa vụ pháp lý tại Việt Nam.,SU115,R1,
C10.06,C10,EIF 2017; Regulation (EU) 2024/903,"Regulation (EU) 2024/903, khoản 1--2 Điều 3; khoản 2 Điều 6",M,METHOD_REF,M,Đánh giá liên thông trước thay đổi có ảnh hưởng và EIF là công cụ tham chiếu trong phạm vi EU.,"Dùng như benchmark phương pháp ex-ante, không coi là nghĩa vụ Việt Nam.",AE20,Reference-only check; excluded from Vietnamese conformance denominator.,THAM CHIẾU,Không phải nghĩa vụ pháp lý tại Việt Nam.,SU116,R1,
